"FullName","Length","SizeMB","DirectoryName"
"G:\My Drive\RELAY\Amarea\Relay\fotos\fotosamarea (9).JPG","3710976","3.54","G:\My Drive\RELAY\Amarea\Relay\fotos"
"G:\My Drive\RELAY\Amarea\Relay\fotos\fotosamarea (11).JPG","3039232","2.9","G:\My Drive\RELAY\Amarea\Relay\fotos"
"G:\My Drive\RELAY\Amarea\Relay\fotos\fotosamarea (10).JPG","3100672","2.96","G:\My Drive\RELAY\Amarea\Relay\fotos"
"G:\My Drive\RELAY\Amarea\Relay\fotos\fotosamarea (14).JPG","2785280","2.66","G:\My Drive\RELAY\Amarea\Relay\fotos"
"G:\My Drive\RELAY\Amarea\Relay\fotos\fotosamarea (13).JPG","3043328","2.9","G:\My Drive\RELAY\Amarea\Relay\fotos"
"G:\My Drive\RELAY\Amarea\Relay\fotos\fotosamarea (12).JPG","2875392","2.74","G:\My Drive\RELAY\Amarea\Relay\fotos"
"G:\My Drive\RELAY\Amarea\Relay\fotos\fotosamarea (15).JPG","3006464","2.87","G:\My Drive\RELAY\Amarea\Relay\fotos"
"G:\My Drive\RELAY\Amarea\Relay\fotos\fotosamarea (16).JPG","3133440","2.99","G:\My Drive\RELAY\Amarea\Relay\fotos"
"G:\My Drive\RELAY\Amarea\Relay\fotos\fotosamarea (17).JPG","3317760","3.16","G:\My Drive\RELAY\Amarea\Relay\fotos"
"G:\My Drive\RELAY\Amarea\Relay\fotos\fotosamarea (18).JPG","2891776","2.76","G:\My Drive\RELAY\Amarea\Relay\fotos"
"G:\My Drive\RELAY\Amarea\Relay\fotos\fotosamarea (1).JPG","4370432","4.17","G:\My Drive\RELAY\Amarea\Relay\fotos"
"G:\My Drive\RELAY\Amarea\Relay\fotos\fotosamarea (2).JPG","6668288","6.36","G:\My Drive\RELAY\Amarea\Relay\fotos"
"G:\My Drive\RELAY\Amarea\Relay\fotos\fotosamarea (6).JPG","2990080","2.85","G:\My Drive\RELAY\Amarea\Relay\fotos"
"G:\My Drive\RELAY\Amarea\Relay\fotos\fotosamarea (5).JPG","3014656","2.88","G:\My Drive\RELAY\Amarea\Relay\fotos"
"G:\My Drive\RELAY\Amarea\Relay\fotos\fotosamarea (4).JPG","5001216","4.77","G:\My Drive\RELAY\Amarea\Relay\fotos"
"G:\My Drive\RELAY\Amarea\Relay\fotos\fotosamarea (3).JPG","5558272","5.3","G:\My Drive\RELAY\Amarea\Relay\fotos"
"G:\My Drive\RELAY\Amarea\Relay\fotos\fotosamarea (8).JPG","4227072","4.03","G:\My Drive\RELAY\Amarea\Relay\fotos"
"G:\My Drive\RELAY\Amarea\Relay\fotos\fotosamarea (7).JPG","3870720","3.69","G:\My Drive\RELAY\Amarea\Relay\fotos"
"G:\My Drive\RELAY\Amarea\Relay\fotos\fotosamarea (7).jpeg","146856","0.14","G:\My Drive\RELAY\Amarea\Relay\fotos"
"G:\My Drive\RELAY\Amarea\Relay\fotos\fotosamarea (19).jpeg","39891","0.04","G:\My Drive\RELAY\Amarea\Relay\fotos"
"G:\My Drive\RELAY\Amarea\Relay\fotos\fotosamarea (15).jpeg","230740","0.22","G:\My Drive\RELAY\Amarea\Relay\fotos"
"G:\My Drive\RELAY\Amarea\Relay\fotos\fotosamarea (14).jpeg","179410","0.17","G:\My Drive\RELAY\Amarea\Relay\fotos"
"G:\My Drive\RELAY\Amarea\Relay\fotos\fotosamarea (1).jpeg","93262","0.09","G:\My Drive\RELAY\Amarea\Relay\fotos"
"G:\My Drive\RELAY\Amarea\Relay\fotos\fotosamarea (12).jpeg","170020","0.16","G:\My Drive\RELAY\Amarea\Relay\fotos"
"G:\My Drive\RELAY\Amarea\Relay\fotos\fotosamarea (2).jpeg","366919","0.35","G:\My Drive\RELAY\Amarea\Relay\fotos"
"G:\My Drive\RELAY\Amarea\Relay\fotos\fotosamarea (16).jpeg","179410","0.17","G:\My Drive\RELAY\Amarea\Relay\fotos"
"G:\My Drive\RELAY\Amarea\Relay\fotos\fotosamarea (10).jpeg","92413","0.09","G:\My Drive\RELAY\Amarea\Relay\fotos"
"G:\My Drive\RELAY\Amarea\Relay\fotos\fotosamarea (18).jpeg","164178","0.16","G:\My Drive\RELAY\Amarea\Relay\fotos"
"G:\My Drive\RELAY\Amarea\Relay\fotos\fotosamarea (11).jpeg","242323","0.23","G:\My Drive\RELAY\Amarea\Relay\fotos"
"G:\My Drive\RELAY\Amarea\Relay\fotos\fotosamarea (5).jpeg","123284","0.12","G:\My Drive\RELAY\Amarea\Relay\fotos"
"G:\My Drive\RELAY\Amarea\Relay\fotos\fotosamarea (13).jpeg","86600","0.08","G:\My Drive\RELAY\Amarea\Relay\fotos"
"G:\My Drive\RELAY\Amarea\Relay\fotos\fotosamarea (6).jpeg","132767","0.13","G:\My Drive\RELAY\Amarea\Relay\fotos"
"G:\My Drive\RELAY\Amarea\Relay\fotos\fotosamarea (3).jpeg","119694","0.11","G:\My Drive\RELAY\Amarea\Relay\fotos"
"G:\My Drive\RELAY\Amarea\Relay\fotos\fotosamarea (9).jpeg","85320","0.08","G:\My Drive\RELAY\Amarea\Relay\fotos"
"G:\My Drive\RELAY\Amarea\Relay\fotos\fotosamarea (4).jpeg","183266","0.17","G:\My Drive\RELAY\Amarea\Relay\fotos"
"G:\My Drive\RELAY\Amarea\Relay\fotos\fotosamarea (8).jpeg","93448","0.09","G:\My Drive\RELAY\Amarea\Relay\fotos"
"G:\My Drive\RELAY\Amarea\Relay\fotos\fotosamarea (17).jpeg","324020","0.31","G:\My Drive\RELAY\Amarea\Relay\fotos"
"G:\My Drive\RELAY\Amarea\Relay\fotos\fotosamarea (20).jpeg","230740","0.22","G:\My Drive\RELAY\Amarea\Relay\fotos"
"G:\My Drive\RELAY\Amarea\Relay\videos\amareavids (22).MP4","54197893","51.69","G:\My Drive\RELAY\Amarea\Relay\videos"
"G:\My Drive\RELAY\Amarea\Relay\videos\amareavids (38).MP4","25604228","24.42","G:\My Drive\RELAY\Amarea\Relay\videos"
"G:\My Drive\RELAY\Amarea\Relay\videos\amareavids (9).MP4","85702024","81.73","G:\My Drive\RELAY\Amarea\Relay\videos"
"G:\My Drive\RELAY\Amarea\Relay\videos\amareavids (23).MP4","50220569","47.89","G:\My Drive\RELAY\Amarea\Relay\videos"
"G:\My Drive\RELAY\Amarea\Relay\videos\amareavids (35).MP4","30287531","28.88","G:\My Drive\RELAY\Amarea\Relay\videos"
"G:\My Drive\RELAY\Amarea\Relay\videos\amareavids (8).MP4","87326133","83.28","G:\My Drive\RELAY\Amarea\Relay\videos"
"G:\My Drive\RELAY\Amarea\Relay\videos\amareavids (37).MP4","26688398","25.45","G:\My Drive\RELAY\Amarea\Relay\videos"
"G:\My Drive\RELAY\Amarea\Relay\videos\amareavids (36).MP4","29907692","28.52","G:\My Drive\RELAY\Amarea\Relay\videos"
"G:\My Drive\RELAY\Amarea\Relay\videos\amareavids (41).MP4","23033965","21.97","G:\My Drive\RELAY\Amarea\Relay\videos"
"G:\My Drive\RELAY\Amarea\Relay\videos\amareavids (2).MP4","99400283","94.8","G:\My Drive\RELAY\Amarea\Relay\videos"
"G:\My Drive\RELAY\Amarea\Relay\videos\amareavids (14).MP4","73919852","70.5","G:\My Drive\RELAY\Amarea\Relay\videos"
"G:\My Drive\RELAY\Amarea\Relay\videos\amareavids (17).MP4","68524673","65.35","G:\My Drive\RELAY\Amarea\Relay\videos"
"G:\My Drive\RELAY\Amarea\Relay\videos\amareavids (7).MP4","87784873","83.72","G:\My Drive\RELAY\Amarea\Relay\videos"
"G:\My Drive\RELAY\Amarea\Relay\videos\amareavids (34).MP4","35189062","33.56","G:\My Drive\RELAY\Amarea\Relay\videos"
"G:\My Drive\RELAY\Amarea\Relay\videos\amareavids (5).MP4","90058237","85.89","G:\My Drive\RELAY\Amarea\Relay\videos"
"G:\My Drive\RELAY\Amarea\Relay\videos\amareavids (19).MP4","56636176","54.01","G:\My Drive\RELAY\Amarea\Relay\videos"
"G:\My Drive\RELAY\Amarea\Relay\videos\amareavids (6).MP4","90058237","85.89","G:\My Drive\RELAY\Amarea\Relay\videos"
"G:\My Drive\RELAY\Amarea\Relay\videos\amareavids (27).MP4","47218503","45.03","G:\My Drive\RELAY\Amarea\Relay\videos"
"G:\My Drive\RELAY\Amarea\Relay\videos\amareavids (28).MP4","46417736","44.27","G:\My Drive\RELAY\Amarea\Relay\videos"
"G:\My Drive\RELAY\Amarea\Relay\videos\amareavids (40).MP4","23054845","21.99","G:\My Drive\RELAY\Amarea\Relay\videos"
"G:\My Drive\RELAY\Amarea\Relay\videos\amareavids (18).MP4","62994357","60.08","G:\My Drive\RELAY\Amarea\Relay\videos"
"G:\My Drive\RELAY\Amarea\Relay\videos\amareavids (20).MP4","54501383","51.98","G:\My Drive\RELAY\Amarea\Relay\videos"
"G:\My Drive\RELAY\Amarea\Relay\videos\amareavids (12).MP4","74903238","71.43","G:\My Drive\RELAY\Amarea\Relay\videos"
"G:\My Drive\RELAY\Amarea\Relay\videos\amareavids (24).MP4","49646308","47.35","G:\My Drive\RELAY\Amarea\Relay\videos"
"G:\My Drive\RELAY\Amarea\Relay\videos\amareavids (10).MP4","78208860","74.59","G:\My Drive\RELAY\Amarea\Relay\videos"
"G:\My Drive\RELAY\Amarea\Relay\videos\amareavids (1).MP4","99678888","95.06","G:\My Drive\RELAY\Amarea\Relay\videos"
"G:\My Drive\RELAY\Amarea\Relay\videos\amareavids (3).MP4","96050008","91.6","G:\My Drive\RELAY\Amarea\Relay\videos"
"G:\My Drive\RELAY\Amarea\Relay\videos\amareavids (11).MP4","76398971","72.86","G:\My Drive\RELAY\Amarea\Relay\videos"
"G:\My Drive\RELAY\Amarea\Relay\videos\amareavids (32).MP4","43781073","41.75","G:\My Drive\RELAY\Amarea\Relay\videos"
"G:\My Drive\RELAY\Amarea\Relay\videos\amareavids (25).MP4","48375835","46.13","G:\My Drive\RELAY\Amarea\Relay\videos"
"G:\My Drive\RELAY\Amarea\Relay\videos\amareavids (26).MP4","48210399","45.98","G:\My Drive\RELAY\Amarea\Relay\videos"
"G:\My Drive\RELAY\Amarea\Relay\videos\amareavids (33).MP4","38897454","37.1","G:\My Drive\RELAY\Amarea\Relay\videos"
"G:\My Drive\RELAY\Amarea\Relay\videos\amareavids (30).MP4","45552311","43.44","G:\My Drive\RELAY\Amarea\Relay\videos"
"G:\My Drive\RELAY\Amarea\Relay\videos\amareavids (43).MP4","17956829","17.12","G:\My Drive\RELAY\Amarea\Relay\videos"
"G:\My Drive\RELAY\Amarea\Relay\videos\amareavids (13).MP4","74754166","71.29","G:\My Drive\RELAY\Amarea\Relay\videos"
"G:\My Drive\RELAY\Amarea\Relay\videos\amareavids (16).MP4","71128443","67.83","G:\My Drive\RELAY\Amarea\Relay\videos"
"G:\My Drive\RELAY\Amarea\Relay\videos\amareavids (39).MP4","25005887","23.85","G:\My Drive\RELAY\Amarea\Relay\videos"
"G:\My Drive\RELAY\Amarea\Relay\videos\amareavids (21).MP4","54304956","51.79","G:\My Drive\RELAY\Amarea\Relay\videos"
"G:\My Drive\RELAY\Amarea\Relay\videos\amareavids (4).MP4","90294535","86.11","G:\My Drive\RELAY\Amarea\Relay\videos"
"G:\My Drive\RELAY\Amarea\Relay\videos\amareavids (15).MP4","71813261","68.49","G:\My Drive\RELAY\Amarea\Relay\videos"
"G:\My Drive\RELAY\Amarea\Relay\videos\amareavids (29).MP4","46377978","44.23","G:\My Drive\RELAY\Amarea\Relay\videos"
"G:\My Drive\RELAY\Amarea\Relay\videos\amareavids (42).MP4","20372486","19.43","G:\My Drive\RELAY\Amarea\Relay\videos"
"G:\My Drive\RELAY\Amarea\Relay\videos\amareavids (31).MP4","44424814","42.37","G:\My Drive\RELAY\Amarea\Relay\videos"
"G:\My Drive\RELAY\Amarea\Relay\Musica\Summer26\Summer26 (38).mp3","13440736","12.82","G:\My Drive\RELAY\Amarea\Relay\Musica\Summer26"
"G:\My Drive\RELAY\Amarea\Relay\Musica\Summer26\Summer26 (9).mp3","12493152","11.91","G:\My Drive\RELAY\Amarea\Relay\Musica\Summer26"
"G:\My Drive\RELAY\Amarea\Relay\Musica\Summer26\Summer26 (28).mp3","11429237","10.9","G:\My Drive\RELAY\Amarea\Relay\Musica\Summer26"
"G:\My Drive\RELAY\Amarea\Relay\Musica\Summer26\Summer26 (22).mp3","12351881","11.78","G:\My Drive\RELAY\Amarea\Relay\Musica\Summer26"
"G:\My Drive\RELAY\Amarea\Relay\Musica\Summer26\Summer26 (60).mp3","13214967","12.6","G:\My Drive\RELAY\Amarea\Relay\Musica\Summer26"
"G:\My Drive\RELAY\Amarea\Relay\Musica\Summer26\Summer26 (53).mp3","17090494","16.3","G:\My Drive\RELAY\Amarea\Relay\Musica\Summer26"
"G:\My Drive\RELAY\Amarea\Relay\Musica\Summer26\Summer26 (58).mp3","12701976","12.11","G:\My Drive\RELAY\Amarea\Relay\Musica\Summer26"
"G:\My Drive\RELAY\Amarea\Relay\Musica\Summer26\Summer26 (31).mp3","14909792","14.22","G:\My Drive\RELAY\Amarea\Relay\Musica\Summer26"
"G:\My Drive\RELAY\Amarea\Relay\Musica\Summer26\Summer26 (3).mp3","13708159","13.07","G:\My Drive\RELAY\Amarea\Relay\Musica\Summer26"
"G:\My Drive\RELAY\Amarea\Relay\Musica\Summer26\Summer26 (59).mp3","15319578","14.61","G:\My Drive\RELAY\Amarea\Relay\Musica\Summer26"
"G:\My Drive\RELAY\Amarea\Relay\Musica\Summer26\Summer26 (25).mp3","15246249","14.54","G:\My Drive\RELAY\Amarea\Relay\Musica\Summer26"
"G:\My Drive\RELAY\Amarea\Relay\Musica\Summer26\Summer26 (20).mp3","9080477","8.66","G:\My Drive\RELAY\Amarea\Relay\Musica\Summer26"
"G:\My Drive\RELAY\Amarea\Relay\Musica\Summer26\Summer26 (74).mp3","15755114","15.03","G:\My Drive\RELAY\Amarea\Relay\Musica\Summer26"
"G:\My Drive\RELAY\Amarea\Relay\Musica\Summer26\Summer26 (50).mp3","15110412","14.41","G:\My Drive\RELAY\Amarea\Relay\Musica\Summer26"
"G:\My Drive\RELAY\Amarea\Relay\Musica\Summer26\Summer26 (39).mp3","11906755","11.36","G:\My Drive\RELAY\Amarea\Relay\Musica\Summer26"
"G:\My Drive\RELAY\Amarea\Relay\Musica\Summer26\Summer26 (12).mp3","16724801","15.95","G:\My Drive\RELAY\Amarea\Relay\Musica\Summer26"
"G:\My Drive\RELAY\Amarea\Relay\Musica\Summer26\Summer26 (45).mp3","13233775","12.62","G:\My Drive\RELAY\Amarea\Relay\Musica\Summer26"
"G:\My Drive\RELAY\Amarea\Relay\Musica\Summer26\Summer26 (26).mp3","11220388","10.7","G:\My Drive\RELAY\Amarea\Relay\Musica\Summer26"
"G:\My Drive\RELAY\Amarea\Relay\Musica\Summer26\Summer26 (76).mp3","14099996","13.45","G:\My Drive\RELAY\Amarea\Relay\Musica\Summer26"
"G:\My Drive\RELAY\Amarea\Relay\Musica\Summer26\Summer26 (64).mp3","18747889","17.88","G:\My Drive\RELAY\Amarea\Relay\Musica\Summer26"
"G:\My Drive\RELAY\Amarea\Relay\Musica\Summer26\Summer26 (15).mp3","14870108","14.18","G:\My Drive\RELAY\Amarea\Relay\Musica\Summer26"
"G:\My Drive\RELAY\Amarea\Relay\Musica\Summer26\Summer26 (55).mp3","10845139","10.34","G:\My Drive\RELAY\Amarea\Relay\Musica\Summer26"
"G:\My Drive\RELAY\Amarea\Relay\Musica\Summer26\Summer26 (30).mp3","9924584","9.46","G:\My Drive\RELAY\Amarea\Relay\Musica\Summer26"
"G:\My Drive\RELAY\Amarea\Relay\Musica\Summer26\Summer26 (44).mp3","15211767","14.51","G:\My Drive\RELAY\Amarea\Relay\Musica\Summer26"
"G:\My Drive\RELAY\Amarea\Relay\Musica\Summer26\Summer26 (27).mp3","15903490","15.17","G:\My Drive\RELAY\Amarea\Relay\Musica\Summer26"
"G:\My Drive\RELAY\Amarea\Relay\Musica\Summer26\Summer26 (13).mp3","12255882","11.69","G:\My Drive\RELAY\Amarea\Relay\Musica\Summer26"
"G:\My Drive\RELAY\Amarea\Relay\Musica\Summer26\Summer26 (69).mp3","14904675","14.21","G:\My Drive\RELAY\Amarea\Relay\Musica\Summer26"
"G:\My Drive\RELAY\Amarea\Relay\Musica\Summer26\Summer26 (57).mp3","15029041","14.33","G:\My Drive\RELAY\Amarea\Relay\Musica\Summer26"
"G:\My Drive\RELAY\Amarea\Relay\Musica\Summer26\Summer26 (42).mp3","16844943","16.06","G:\My Drive\RELAY\Amarea\Relay\Musica\Summer26"
"G:\My Drive\RELAY\Amarea\Relay\Musica\Summer26\Summer26 (1).mp3","17407191","16.6","G:\My Drive\RELAY\Amarea\Relay\Musica\Summer26"
"G:\My Drive\RELAY\Amarea\Relay\Musica\Summer26\Summer26 (8).mp3","15428083","14.71","G:\My Drive\RELAY\Amarea\Relay\Musica\Summer26"
"G:\My Drive\RELAY\Amarea\Relay\Musica\Summer26\Summer26 (40).mp3","10352992","9.87","G:\My Drive\RELAY\Amarea\Relay\Musica\Summer26"
"G:\My Drive\RELAY\Amarea\Relay\Musica\Summer26\Summer26 (43).mp3","7391751","7.05","G:\My Drive\RELAY\Amarea\Relay\Musica\Summer26"
"G:\My Drive\RELAY\Amarea\Relay\Musica\Summer26\Summer26 (5).mp3","16665242","15.89","G:\My Drive\RELAY\Amarea\Relay\Musica\Summer26"
"G:\My Drive\RELAY\Amarea\Relay\Musica\Summer26\Summer26 (66).mp3","13074114","12.47","G:\My Drive\RELAY\Amarea\Relay\Musica\Summer26"
"G:\My Drive\RELAY\Amarea\Relay\Musica\Summer26\Summer26 (37).mp3","14547383","13.87","G:\My Drive\RELAY\Amarea\Relay\Musica\Summer26"
"G:\My Drive\RELAY\Amarea\Relay\Musica\Summer26\Summer26 (2).mp3","10614216","10.12","G:\My Drive\RELAY\Amarea\Relay\Musica\Summer26"
"G:\My Drive\RELAY\Amarea\Relay\Musica\Summer26\Summer26 (48).mp3","13624675","12.99","G:\My Drive\RELAY\Amarea\Relay\Musica\Summer26"
"G:\My Drive\RELAY\Amarea\Relay\Musica\Summer26\Summer26 (4).mp3","16371604","15.61","G:\My Drive\RELAY\Amarea\Relay\Musica\Summer26"
"G:\My Drive\RELAY\Amarea\Relay\Musica\Summer26\Summer26 (10).mp3","11429237","10.9","G:\My Drive\RELAY\Amarea\Relay\Musica\Summer26"
"G:\My Drive\RELAY\Amarea\Relay\Musica\Summer26\Summer26 (51).mp3","16484453","15.72","G:\My Drive\RELAY\Amarea\Relay\Musica\Summer26"
"G:\My Drive\RELAY\Amarea\Relay\Musica\Summer26\Summer26 (47).mp3","11662249","11.12","G:\My Drive\RELAY\Amarea\Relay\Musica\Summer26"
"G:\My Drive\RELAY\Amarea\Relay\Musica\Summer26\Summer26 (46).mp3","6793024","6.48","G:\My Drive\RELAY\Amarea\Relay\Musica\Summer26"
"G:\My Drive\RELAY\Amarea\Relay\Musica\Summer26\Summer26 (18).mp3","19286869","18.39","G:\My Drive\RELAY\Amarea\Relay\Musica\Summer26"
"G:\My Drive\RELAY\Amarea\Relay\Musica\Summer26\Summer26 (73).mp3","10336341","9.86","G:\My Drive\RELAY\Amarea\Relay\Musica\Summer26"
"G:\My Drive\RELAY\Amarea\Relay\Musica\Summer26\Summer26 (75).mp3","13335130","12.72","G:\My Drive\RELAY\Amarea\Relay\Musica\Summer26"
"G:\My Drive\RELAY\Amarea\Relay\Musica\Summer26\Summer26 (32).mp3","13963114","13.32","G:\My Drive\RELAY\Amarea\Relay\Musica\Summer26"
"G:\My Drive\RELAY\Amarea\Relay\Musica\Summer26\Summer26 (7).mp3","10367620","9.89","G:\My Drive\RELAY\Amarea\Relay\Musica\Summer26"
"G:\My Drive\RELAY\Amarea\Relay\Musica\Summer26\Summer26 (19).mp3","7274722","6.94","G:\My Drive\RELAY\Amarea\Relay\Musica\Summer26"
"G:\My Drive\RELAY\Amarea\Relay\Musica\Summer26\Summer26 (21).mp3","7319085","6.98","G:\My Drive\RELAY\Amarea\Relay\Musica\Summer26"
"G:\My Drive\RELAY\Amarea\Relay\Musica\Summer26\Summer26 (49).mp3","15414477","14.7","G:\My Drive\RELAY\Amarea\Relay\Musica\Summer26"
"G:\My Drive\RELAY\Amarea\Relay\Musica\Summer26\Summer26 (36).mp3","7760616","7.4","G:\My Drive\RELAY\Amarea\Relay\Musica\Summer26"
"G:\My Drive\RELAY\Amarea\Relay\Musica\Summer26\Summer26 (68).mp3","11495065","10.96","G:\My Drive\RELAY\Amarea\Relay\Musica\Summer26"
"G:\My Drive\RELAY\Amarea\Relay\Musica\Summer26\Summer26 (17).mp3","10490918","10","G:\My Drive\RELAY\Amarea\Relay\Musica\Summer26"
"G:\My Drive\RELAY\Amarea\Relay\Musica\Summer26\Summer26 (52).mp3","7479522","7.13","G:\My Drive\RELAY\Amarea\Relay\Musica\Summer26"
"G:\My Drive\RELAY\Amarea\Relay\Musica\Summer26\Summer26 (24).mp3","10804388","10.3","G:\My Drive\RELAY\Amarea\Relay\Musica\Summer26"
"G:\My Drive\RELAY\Amarea\Relay\Musica\Summer26\Summer26 (16).mp3","7950787","7.58","G:\My Drive\RELAY\Amarea\Relay\Musica\Summer26"
"G:\My Drive\RELAY\Amarea\Relay\Musica\Summer26\Summer26 (54).mp3","9374063","8.94","G:\My Drive\RELAY\Amarea\Relay\Musica\Summer26"
"G:\My Drive\RELAY\Amarea\Relay\Musica\Summer26\Summer26 (65).mp3","12624600","12.04","G:\My Drive\RELAY\Amarea\Relay\Musica\Summer26"
"G:\My Drive\RELAY\Amarea\Relay\Musica\Summer26\Summer26 (41).mp3","15744665","15.02","G:\My Drive\RELAY\Amarea\Relay\Musica\Summer26"
"G:\My Drive\RELAY\Amarea\Relay\Musica\Summer26\Summer26 (72).mp3","16015315","15.27","G:\My Drive\RELAY\Amarea\Relay\Musica\Summer26"
"G:\My Drive\RELAY\Amarea\Relay\Musica\Summer26\Summer26 (61).mp3","15414477","14.7","G:\My Drive\RELAY\Amarea\Relay\Musica\Summer26"
"G:\My Drive\RELAY\Amarea\Relay\Musica\Summer26\Summer26 (14).mp3","18275615","17.43","G:\My Drive\RELAY\Amarea\Relay\Musica\Summer26"
"G:\My Drive\RELAY\Amarea\Relay\Musica\Summer26\Summer26 (29).mp3","15584796","14.86","G:\My Drive\RELAY\Amarea\Relay\Musica\Summer26"
"G:\My Drive\RELAY\Amarea\Relay\Musica\Summer26\Summer26 (35).mp3","12126312","11.56","G:\My Drive\RELAY\Amarea\Relay\Musica\Summer26"
"G:\My Drive\RELAY\Amarea\Relay\Musica\Summer26\Summer26 (34).mp3","16679849","15.91","G:\My Drive\RELAY\Amarea\Relay\Musica\Summer26"
"G:\My Drive\RELAY\Amarea\Relay\Musica\Summer26\Summer26 (56).mp3","11746886","11.2","G:\My Drive\RELAY\Amarea\Relay\Musica\Summer26"
"G:\My Drive\RELAY\Amarea\Relay\Musica\Summer26\Summer26 (23).mp3","15299539","14.59","G:\My Drive\RELAY\Amarea\Relay\Musica\Summer26"
"G:\My Drive\RELAY\Amarea\Relay\Musica\Summer26\Summer26 (67).mp3","9130566","8.71","G:\My Drive\RELAY\Amarea\Relay\Musica\Summer26"
"G:\My Drive\RELAY\Amarea\Relay\Musica\Summer26\Summer26 (71).mp3","9680182","9.23","G:\My Drive\RELAY\Amarea\Relay\Musica\Summer26"
"G:\My Drive\RELAY\Amarea\Relay\Musica\Summer26\Summer26 (6).mp3","24385971","23.26","G:\My Drive\RELAY\Amarea\Relay\Musica\Summer26"
"G:\My Drive\RELAY\Amarea\Relay\Musica\Summer26\Summer26 (63).mp3","7793160","7.43","G:\My Drive\RELAY\Amarea\Relay\Musica\Summer26"
"G:\My Drive\RELAY\Amarea\Relay\Musica\Summer26\Summer26 (33).mp3","10748205","10.25","G:\My Drive\RELAY\Amarea\Relay\Musica\Summer26"
"G:\My Drive\RELAY\Amarea\Relay\Musica\Summer26\Summer26 (62).mp3","8237805","7.86","G:\My Drive\RELAY\Amarea\Relay\Musica\Summer26"
"G:\My Drive\RELAY\Amarea\Relay\Musica\Summer26\Summer26 (11).mp3","11604525","11.07","G:\My Drive\RELAY\Amarea\Relay\Musica\Summer26"
"G:\My Drive\RELAY\Amarea\Relay\Musica\Summer26\Summer26 (70).mp3","8939565","8.53","G:\My Drive\RELAY\Amarea\Relay\Musica\Summer26"
